knummer_fra;kommunenavn_fra;kommunenr_2020;kommune_2020
3001;Halden;3001;Halden
0101;Halden (-2019);3001;Halden
3002;Moss;3002;Moss
0301;Oslo kommune;0301;Oslo
3003;Sarpsborg;3003;Sarpsborg
0104;Moss (-2019);3002;Moss
3004;Fredrikstad;3004;Fredrikstad
0105;Sarpsborg (1992-2019);3003;Sarpsborg
3005;Drammen;3005;Drammen
0136;Rygge (-2019);3002;Moss
3006;Kongsberg;3006;Kongsberg
0106;Fredrikstad (1994-2019);3004;Fredrikstad
3007;Ringerike;3007;Ringerike
0111;Hvaler (-2019);3011;Hvaler
3011;Hvaler;3011;Hvaler
0118;Aremark (-2019);3012;Aremark
3012;Aremark;3012;Aremark
1101;Eigersund;1101;Eigersund
3013;Marker;3013;Marker
0119;Marker (1964-2019);3013;Marker
3014;Indre Østfold;3014;Indre Østfold
0602;Drammen (-2019);3005;Drammen
3015;Skiptvet;3015;Skiptvet
0121;Rømskog (-2019);3026;Aurskog-Høland
3016;Rakkestad;3016;Rakkestad
0625;Nedre Eiker (-2019);3005;Drammen
3017;Råde;3017;Råde
0122;Trøgstad (-2019);3014;Indre Østfold
3018;Våler (Viken);3018;Våler (Viken)
0711;Svelvik (1964-2019);3005;Drammen
3019;Vestby;3019;Vestby
0123;Spydeberg (-2019);3014;Indre Østfold
3020;Nordre Follo;3020;Nordre Follo
0604;Kongsberg (-2019);3006;Kongsberg
3021;Ås;3021;Ås
0124;Askim (-2019);3014;Indre Østfold
3022;Frogn;3022;Frogn
1103;Stavanger;1103;Stavanger
3023;Nesodden;3023;Nesodden
0125;Eidsberg (-2019);3014;Indre Østfold
3024;Bærum;3024;Bærum
1141;Finnøy (-2019);1103;Stavanger
3025;Asker;3025;Asker
0127;Skiptvet (-2019);3015;Skiptvet
3026;Aurskog-Høland;3026;Aurskog-Høland
1142;Rennesøy (-2019);1103;Stavanger
3027;Rælingen;3027;Rælingen
0128;Rakkestad (-2019);3016;Rakkestad
3028;Enebakk;3028;Enebakk
0605;Ringerike (1977-2019);3007;Ringerike
3029;Lørenskog;3029;Lørenskog
0135;Råde (-2019);3017;Råde
3030;Lillestrøm;3030;Lillestrøm
0137;Våler (Østfold) (-2019);3018;Våler (Viken)
3031;Nittedal;3031;Nittedal
0138;Hobøl (-2019);3014;Indre Østfold
3032;Gjerdrum;3032;Gjerdrum
1106;Haugesund;1106;Haugesund
3033;Ullensaker;3033;Ullensaker
0211;Vestby (-2019);3019;Vestby
3034;Nes;3034;Nes
0213;Ski (1931-2019);3020;Nordre Follo
3035;Eidsvoll;3035;Eidsvoll
0214;Ås (-2019);3021;Ås
3036;Nannestad;3036;Nannestad
0215;Frogn (-2019);3022;Frogn
3037;Hurdal;3037;Hurdal
0216;Nesodden (-2019);3023;Nesodden
3038;Hole;3038;Hole
0217;Oppegård (1915-2019);3020;Nordre Follo
3039;Flå;3039;Flå
0219;Bærum (-2019);3024;Bærum
3040;Nesbyen;3040;Nesbyen
1102;Sandnes (-2019);1108;Sandnes
3041;Gol;3041;Gol
0220;Asker (-2019);3025;Asker
3042;Hemsedal;3042;Hemsedal
1129;Forsand (-2019);1108;Sandnes
3043;Ål;3043;Ål
0221;Aurskog-Høland (1966-2019);3026;Aurskog-Høland
3044;Hol;3044;Hol
0226;Sørum (-2019);3030;Lillestrøm
3045;Sigdal;3045;Sigdal
0227;Fet (-2019);3030;Lillestrøm
3046;Krødsherad;3046;Krødsherad
0228;Rælingen (1929-2019);3027;Rælingen
3047;Modum;3047;Modum
1111;Sokndal;1111;Sokndal
3048;Øvre Eiker;3048;Øvre Eiker
0229;Enebakk (-2019);3028;Enebakk
3049;Lier;3049;Lier
0230;Lørenskog (1908-2019);3029;Lørenskog
3050;Flesberg;3050;Flesberg
0231;Skedsmo (-2019);3030;Lillestrøm
3051;Rollag;3051;Rollag
0233;Nittedal (-2019);3031;Nittedal
3052;Nore og Uvdal;3052;Nore og Uvdal
1112;Lund;1112;Lund
3053;Jevnaker;3053;Jevnaker
0234;Gjerdrum (-2019);3032;Gjerdrum
3054;Lunner;3054;Lunner
0235;Ullensaker (-2019);3033;Ullensaker
0236;Nes (Akershus) (-2019);3034;Nes
0237;Eidsvoll (-2019);3035;Eidsvoll
0238;Nannestad (-2019);3036;Nannestad
0239;Hurdal (-2019);3037;Hurdal
1114;Bjerkreim;1114;Bjerkreim
0402;Kongsvinger (-2019);3401;Kongsvinger
0403;Hamar (1992-2019);3403;Hamar
0627;Røyken (-2019);3025;Asker
0412;Ringsaker (-2019);3411;Ringsaker
0628;Hurum (-2019);3025;Asker
0415;Løten (-2019);3412;Løten
0417;Stange (-2019);3413;Stange
0418;Nord-Odal (-2019);3414;Nord-Odal
0419;Sør-Odal (-2019);3415;Sør-Odal
1119;Hå;1119;Hå
0420;Eidskog (-2019);3416;Eidskog
0423;Grue (-2019);3417;Grue
0425;Åsnes (-2019);3418;Åsnes
0426;Våler (Hedmark) (-2019);3419;Våler (Innlandet)
1120;Klepp;1120;Klepp
0427;Elverum (-2019);3420;Elverum
0428;Trysil (-2019);3421;Trysil
1121;Time;1121;Time
0429;Åmot (-2019);3422;Åmot
0430;Stor-Elvdal (-2019);3423;Stor-Elvdal
1122;Gjesdal;1122;Gjesdal
0432;Rendalen (1965-2019);3424;Rendalen
0434;Engerdal (1911-2019);3425;Engerdal
0436;Tolga (-2019);3426;Tolga
1124;Sola;1124;Sola
0437;Tynset (-2019);3427;Tynset
0438;Alvdal (-2019);3428;Alvdal
0439;Folldal (1914-2019);3429;Folldal
1127;Randaberg;1127;Randaberg
0441;Os (Hedmark) (1976-2019);3430;Os
0501;Lillehammer (-2019);3405;Lillehammer
0612;Hole (1977-2019);3038;Hole
0502;Gjøvik (-2019);3407;Gjøvik
1130;Strand;1130;Strand
0511;Dovre (-2019);3431;Dovre
0615;Flå (-2019);3039;Flå
0512;Lesja (-2019);3432;Lesja
1133;Hjelmeland;1133;Hjelmeland
0513;Skjåk (-2019);3433;Skjåk
0616;Nes (Buskerud) (-2019);3040;Nesbyen
0514;Lom (-2019);3434;Lom
0617;Gol (-2019);3041;Gol
0515;Vågå (-2019);3435;Vågå
1134;Suldal;1134;Suldal
0516;Nord-Fron (1977-2019);3436;Nord-Fron
0618;Hemsedal (-2019);3042;Hemsedal
0517;Sel (1908-2019);3437;Sel
1135;Sauda;1135;Sauda
0519;Sør-Fron (-2019);3438;Sør-Fron
0619;Ål (-2019);3043;Ål
0520;Ringebu (-2019);3439;Ringebu
0620;Hol (-2019);3044;Hol
0521;Øyer (-2019);3440;Øyer
1144;Kvitsøy;1144;Kvitsøy
0522;Gausdal (1962-2019);3441;Gausdal
0621;Sigdal (-2019);3045;Sigdal
0528;Østre Toten (-2019);3442;Østre Toten
0622;Krødsherad (-2019);3046;Krødsherad
0529;Vestre Toten (-2019);3443;Vestre Toten
0623;Modum (-2019);3047;Modum
0532;Jevnaker (-2019);3053;Jevnaker
1145;Bokn;1145;Bokn
0624;Øvre Eiker (-2019);3048;Øvre Eiker
0533;Lunner (-2019);3054;Lunner
0626;Lier (-2019);3049;Lier
0534;Gran (-2019);3446;Gran
0536;Søndre Land (-2019);3447;Søndre Land
0631;Flesberg (-2019);3050;Flesberg
1146;Tysvær;1146;Tysvær
0632;Rollag (-2019);3051;Rollag
0538;Nordre Land (-2019);3448;Nordre Land
0633;Nore og Uvdal (1962-2019);3052;Nore og Uvdal
0540;Sør-Aurdal (-2019);3449;Sør-Aurdal
0541;Etnedal (-2019);3450;Etnedal
3401;Kongsvinger;3401;Kongsvinger
1149;Karmøy;1149;Karmøy
3403;Hamar;3403;Hamar
0542;Nord-Aurdal (-2019);3451;Nord-Aurdal
3405;Lillehammer;3405;Lillehammer
3407;Gjøvik;3407;Gjøvik
0543;Vestre Slidre (-2019);3452;Vestre Slidre
3411;Ringsaker;3411;Ringsaker
0544;Øystre Slidre (-2019);3453;Øystre Slidre
3412;Løten;3412;Løten
1151;Utsira;1151;Utsira
3413;Stange;3413;Stange
0545;Vang (-2019);3454;Vang
3414;Nord-Odal;3414;Nord-Odal
1160;Vindafjord;1160;Vindafjord
3415;Sør-Odal;3415;Sør-Odal
1505;Kristiansund;1505;Kristiansund
3416;Eidskog;3416;Eidskog
1502;Molde (-2019);1506;Molde
3417;Grue;3417;Grue
1543;Nesset (-2019);1506;Molde
3418;Åsnes;3418;Åsnes
1545;Midsund (1965-2019);1506;Molde
3419;Våler (Innlandet);3419;Våler (Innlandet)
1504;Ålesund (1977-2019);1507;Ålesund
3420;Elverum;3420;Elverum
1523;Ørskog (1977-2019);1507;Ålesund
3421;Trysil;3421;Trysil
1529;Skodje (-2019);1507;Ålesund
3422;Åmot;3422;Åmot
1534;Haram (-2019);1507;Ålesund
3423;Stor-Elvdal;3423;Stor-Elvdal
1546;Sandøy (-2019);1507;Ålesund
3424;Rendalen;3424;Rendalen
0701;Horten (2002-2019);3801;Horten
3425;Engerdal;3425;Engerdal
0704;Tønsberg (1988-2019);3803;Tønsberg
3426;Tolga;3426;Tolga
0710;Sandefjord (2017-2019);3804;Sandefjord
3427;Tynset;3427;Tynset
0712;Larvik (2018-2019);3805;Larvik
3428;Alvdal;3428;Alvdal
0713;Sande (Vestfold) (-2019);3802;Holmestrand
3429;Folldal;3429;Folldal
1511;Vanylven;1511;Vanylven
3430;Os;3430;Os
0715;Holmestrand (2018-2019);3802;Holmestrand
3431;Dovre;3431;Dovre
0716;Re (2002-2019);3803;Tønsberg
3432;Lesja;3432;Lesja
1514;Sande (Møre og Romsdal);1514;Sande
3433;Skjåk;3433;Skjåk
0729;Færder (2018-2019);3811;Færder
3434;Lom;3434;Lom
0805;Porsgrunn (-2019);3806;Porsgrunn
3435;Vågå;3435;Vågå
0806;Skien (-2019);3807;Skien
3436;Nord-Fron;3436;Nord-Fron
1515;Herøy (Møre og Romsdal);1515;Herøy (Møre og Romsdal)
3437;Sel;3437;Sel
3438;Sør-Fron;3438;Sør-Fron
0807;Notodden (1913-2019);3808;Notodden
3439;Ringebu;3439;Ringebu
0811;Siljan (-2019);3812;Siljan
3440;Øyer;3440;Øyer
0814;Bamble (-2019);3813;Bamble
3441;Gausdal;3441;Gausdal
0815;Kragerø (1960-2019);3814;Kragerø
3442;Østre Toten;3442;Østre Toten
0817;Drangedal (-2019);3815;Drangedal
3443;Vestre Toten;3443;Vestre Toten
1516;Ulstein;1516;Ulstein
3446;Gran;3446;Gran
0819;Nome (1964-2019);3816;Nome
3447;Søndre Land;3447;Søndre Land
0821;Bø (Telemark) (-2019);3817;Midt-Telemark
3448;Nordre Land;3448;Nordre Land
0822;Sauherad (-2019);3817;Midt-Telemark
3449;Sør-Aurdal;3449;Sør-Aurdal
1517;Hareid;1517;Hareid
3450;Etnedal;3450;Etnedal
0826;Tinn (-2019);3818;Tinn
3451;Nord-Aurdal;3451;Nord-Aurdal
0827;Hjartdal (-2019);3819;Hjartdal
3452;Vestre Slidre;3452;Vestre Slidre
1520;Ørsta;1520;Ørsta
3453;Øystre Slidre;3453;Øystre Slidre
0828;Seljord (-2019);3820;Seljord
3454;Vang;3454;Vang
0829;Kviteseid (-2019);3821;Kviteseid
0830;Nissedal (-2019);3822;Nissedal
1525;Stranda;1525;Stranda
0831;Fyresdal (-2019);3823;Fyresdal
0833;Tokke (1964-2019);3824;Tokke
0834;Vinje (-2019);3825;Vinje
1528;Sykkylven;1528;Sykkylven
0901;Risør (-2019);4201;Risør
0904;Grimstad (-2019);4202;Grimstad
0906;Arendal (1992-2019);4203;Arendal
1531;Sula;1531;Sula
0911;Gjerstad (-2019);4211;Gjerstad
0912;Vegårshei (-2019);4212;Vegårshei
0914;Tvedestrand (-2019);4213;Tvedestrand
1532;Giske;1532;Giske
0919;Froland (-2019);4214;Froland
0926;Lillesand (1962-2019);4215;Lillesand
0928;Birkenes (-2019);4216;Birkenes
1535;Vestnes;1535;Vestnes
0929;Åmli (-2019);4217;Åmli
0935;Iveland (-2019);4218;Iveland
0937;Evje og Hornnes (1960-2019);4219;Evje og Hornnes
1539;Rauma;1539;Rauma
0938;Bygland (-2019);4220;Bygland
0940;Valle (-2019);4221;Valle
0941;Bykle (-2019);4222;Bykle
1547;Aukra;1547;Aukra
1001;Kristiansand (-2019);4204;Kristiansand
1002;Mandal (-2019);4205;Lindesnes
1554;Averøy;1554;Averøy
1003;Farsund (-2019);4206;Farsund
1004;Flekkefjord (-2019);4207;Flekkefjord
1014;Vennesla (-2019);4223;Vennesla
1557;Gjemnes;1557;Gjemnes
1017;Songdalen (1964-2019);4204;Kristiansand
1018;Søgne (-2019);4204;Kristiansand
1021;Marnardal (1964-2019);4205;Lindesnes
1560;Tingvoll;1560;Tingvoll
1026;Åseral (-2019);4224;Åseral
1027;Audnedal (1964-2019);4225;Lyngdal
1029;Lindesnes (1964-2019);4205;Lindesnes
1563;Sunndal;1563;Sunndal
1032;Lyngdal (-2019);4225;Lyngdal
1034;Hægebostad (-2019);4226;Hægebostad
1037;Kvinesdal (-2019);4227;Kvinesdal
1046;Sirdal (1960-2019);4228;Sirdal
1566;Surnadal;1566;Surnadal
1573;Smøla;1573;Smøla
1576;Aure;1576;Aure
1444;Hornindal (-2019);1577;Volda
1519;Volda (-2019);1577;Volda
1524;Norddal (-2019);1578;Fjord
1526;Stordal (-2019);1578;Fjord
1548;Fræna (-2019);1579;Hustadvika
1551;Eide (-2019);1579;Hustadvika
3801;Horten;3801;Horten
1804;Bodø;1804;Bodø
3802;Holmestrand;3802;Holmestrand
3803;Tønsberg;3803;Tønsberg
1201;Bergen (1972-2019);4601;Bergen
3804;Sandefjord;3804;Sandefjord
1211;Etne (-2019);4611;Etne
3805;Larvik;3805;Larvik
1216;Sveio (-2019);4612;Sveio
3806;Porsgrunn;3806;Porsgrunn
1219;Bømlo (1916-2019);4613;Bømlo
3807;Skien;3807;Skien
1221;Stord (-2019);4614;Stord
3808;Notodden;3808;Notodden
1805;Narvik (-2019);1806;Narvik
3811;Færder;3811;Færder
3812;Siljan;3812;Siljan
1222;Fitjar (-2019);4615;Fitjar
3813;Bamble;3813;Bamble
1223;Tysnes (-2019);4616;Tysnes
3814;Kragerø;3814;Kragerø
1850;Divtasvuodna - Tysfjord (-2019);1806;Narvik
3815;Drangedal;3815;Drangedal
3816;Nome;3816;Nome
3817;Midt-Telemark;3817;Midt-Telemark
3818;Tinn;3818;Tinn
1224;Kvinnherad (-2019);4617;Kvinnherad
3819;Hjartdal;3819;Hjartdal
1227;Jondal (-2019);4618;Ullensvang
3820;Seljord;3820;Seljord
1228;Odda (1913-2019);4618;Ullensvang
3821;Kviteseid;3821;Kviteseid
1231;Ullensvang (1977-2019);4618;Ullensvang
3822;Nissedal;3822;Nissedal
1232;Eidfjord (-2019);4619;Eidfjord
3823;Fyresdal;3823;Fyresdal
1233;Ulvik (-2019);4620;Ulvik
3824;Tokke;3824;Tokke
1234;Granvin (-2019);4621;Voss
3825;Vinje;3825;Vinje
1811;Bindal;1811;Bindal
1235;Voss (-2019);4621;Voss
1238;Kvam (-2019);4622;Kvam
1241;Fusa (-2019);4624;Bjørnafjorden
1242;Samnanger (1907-2019);4623;Samnanger
1243;Os (Hordaland) (-2019);4624;Bjørnafjorden
1244;Austevoll (-2019);4625;Austevoll
1245;Sund (-2019);4626;Øygarden
1246;Fjell (-2019);4626;Øygarden
1247;Askøy (-2019);4627;Askøy
1812;Sømna;1812;Sømna
1251;Vaksdal (1964-2019);4628;Vaksdal
1252;Modalen (1910-2019);4629;Modalen
1253;Osterøy (1964-2019);4630;Osterøy
1256;Meland (1924-2019);4631;Alver
1259;Øygarden (1964-2019);4626;Øygarden
1813;Brønnøy;1813;Brønnøy
1260;Radøy (1964-2019);4631;Alver
1263;Lindås (-2019);4631;Alver
1264;Austrheim (1910-2019);4632;Austrheim
1265;Fedje (1948-2019);4633;Fedje
1266;Masfjorden (-2019);4634;Masfjorden
1815;Vega;1815;Vega
1401;Flora (1964-2019);4602;Kinn
1411;Gulen (-2019);4635;Gulen
1412;Solund (-2019);4636;Solund
1413;Hyllestad (-2019);4637;Hyllestad
1416;Høyanger (1964-2019);4638;Høyanger
1816;Vevelstad;1816;Vevelstad
1417;Vik (-2019);4639;Vik
1418;Balestrand (-2019);4640;Sogndal
1419;Leikanger (-2019);4640;Sogndal
1420;Sogndal (-2019);4640;Sogndal
1421;Aurland (-2019);4641;Aurland
1818;Herøy (Nordland);1818;Herøy (Nordland)
1422;Lærdal (-2019);4642;Lærdal
1424;Årdal (-2019);4643;Årdal
1426;Luster (-2019);4644;Luster
1428;Askvoll (-2019);4645;Askvoll
1429;Fjaler (-2019);4646;Fjaler
1430;Gaular (-2019);4647;Sunnfjord
1431;Jølster (-2019);4647;Sunnfjord
1432;Førde (-2019);4647;Sunnfjord
4201;Risør;4201;Risør
1433;Naustdal (-2019);4647;Sunnfjord
4202;Grimstad;4202;Grimstad
1438;Bremanger (-2019);4648;Bremanger
4203;Arendal;4203;Arendal
1820;Alstahaug;1820;Alstahaug
4204;Kristiansand;4204;Kristiansand
4205;Lindesnes;4205;Lindesnes
1439;Vågsøy (1964-2019);4602;Kinn
4206;Farsund;4206;Farsund
1441;Selje (-2019);4649;Stad
4207;Flekkefjord;4207;Flekkefjord
1443;Eid (-2019);4649;Stad
4211;Gjerstad;4211;Gjerstad
1445;Gloppen (-2019);4650;Gloppen
4212;Vegårshei;4212;Vegårshei
1822;Leirfjord;1822;Leirfjord
4213;Tvedestrand;4213;Tvedestrand
4214;Froland;4214;Froland
1449;Stryn (1977-2019);4651;Stryn
4215;Lillesand;4215;Lillesand
1824;Vefsn;1824;Vefsn
4216;Birkenes;4216;Birkenes
4217;Åmli;4217;Åmli
1825;Grane;1825;Grane
4218;Iveland;4218;Iveland
4219;Evje og Hornnes;4219;Evje og Hornnes
1826;Hattfjelldal;1826;Aarborte - Hattfjelldal
4220;Bygland;4220;Bygland
4221;Valle;4221;Valle
4222;Bykle;4222;Bykle
4223;Vennesla;4223;Vennesla
1827;Dønna;1827;Dønna
4224;Åseral;4224;Åseral
4225;Lyngdal;4225;Lyngdal
1828;Nesna;1828;Nesna
4226;Hægebostad;4226;Hægebostad
4227;Kvinesdal;4227;Kvinesdal
1832;Hemnes;1832;Hemnes
4228;Sirdal;4228;Sirdal
1833;Rana;1833;Rana
1834;Lurøy;1834;Lurøy
1835;Træna;1835;Træna
1836;Rødøy;1836;Rødøy
1571;Halsa (-2019);5055;Heim
1837;Meløy;1837;Meløy
1838;Gildeskål;1838;Gildeskål
1839;Beiarn;1839;Beiarn
1840;Saltdal;1840;Saltdal
1841;Fauske - Fuossko;1841;Fauske - Fuossko
1845;Sørfold;1845;Sørfold
1848;Steigen;1848;Steigen
1851;Lødingen;1851;Lødingen
1853;Evenes - Evenássi;1853;Evenes - Evená??i
1849;Hamarøy - Hábmer (-2019);1875;Hábmer - Hamarøy
1852;Tjeldsund (1909-2019);5412;Dielddanuorri - Tjeldsund
1854;Ballangen (1925-2019);1806;Narvik
1856;Røst;1856;Røst
1857;Værøy;1857;Værøy
1859;Flakstad;1859;Flakstad
1860;Vestvågøy;1860;Vestvågøy
1865;Vågan;1865;Vågan
1108;Sandnes;1108;Sandnes
1866;Hadsel;1866;Hadsel
1867;Bø (Nordland);1867;Bø
1868;Øksnes;1868;Øksnes
1870;Sortland - Suortá;1870;Sortland - Suortá
1871;Andøy;1871;Andøy
1874;Moskenes;1874;Moskenes
1902;Tromsø (-2019);5401;Tromsø
1903;Harstad - Hárstták (2013-2019);5402;Harstad - Hárstták
1911;Kvæfjord (-2019);5411;Kvæfjord
1913;Skånland (1926-2019);5412;Dielddanuorri - Tjeldsund
1917;Ibestad (-2019);5413;Ibestad
1919;Gratangen (1926-2019);5414;Gratangen
1920;Loabák - Lavangen (1907-2019);5415;Loabák - Lavangen
1922;Bardu (-2019);5416;Bardu
1923;Salangen (1977-2019);5417;Salangen
1924;Målselv (-2019);5418;Målselv
1925;Sørreisa (-2019);5419;Sørreisa
1926;Dyrøy (-2019);5420;Dyrøy
1927;Tranøy (-2019);5421;Senja
1928;Torsken (-2019);5421;Senja
4601;Bergen;4601;Bergen
1929;Berg (-2019);5421;Senja
4602;Kinn;4602;Kinn
1931;Lenvik (-2019);5421;Senja
4611;Etne;4611;Etne
1933;Balsfjord (-2019);5422;Balsfjord
4612;Sveio;4612;Sveio
1936;Karlsøy (-2019);5423;Karlsøy
4613;Bømlo;4613;Bømlo
1938;Lyngen (-2019);5424;Lyngen
4614;Stord;4614;Stord
1939;Storfjord - Omasvuotna - Omasvuono (1931-2019);5425;Storfjord - Omasvuotna - Omasvuono
4615;Fitjar;4615;Fitjar
1940;Gáivuotna - Kåfjord - Kaivuono (1931-2019);5426;Gáivuotna - Kåfjord - Kaivuono
4616;Tysnes;4616;Tysnes
1941;Skjervøy (-2019);5427;Skjervøy
4617;Kvinnherad;4617;Kvinnherad
1942;Nordreisa - Ráisa - Raisi (-2019);5428;Nordreisa - Ráisa - Raisi
4618;Ullensvang;4618;Ullensvang
1943;Kvænangen (-2019);5429;Kvænangen
4619;Eidfjord;4619;Eidfjord
2002;Vardø (-2019);5404;Vardø
4620;Ulvik;4620;Ulvik
2003;Vadsø (-2019);5405;Vadsø
4621;Voss;4621;Voss
2004;Hammerfest (1992-2019);5406;Hammerfest - Hámmerfeasta
4622;Kvam;4622;Kvam
2011;Guovdageaidnu - Kautokeino (-2019);5430;Guovdageaidnu - Kautokeino
4623;Samnanger;4623;Samnanger
2012;Alta (-2019);5403;Alta
4624;Bjørnafjorden;4624;Bjørnafjorden
2014;Loppa (-2019);5432;Loppa
4625;Austevoll;4625;Austevoll
2015;Hasvik (-2019);5433;Hasvik
4626;Øygarden;4626;Øygarden
2017;Kvalsund (-2019);5406;Hammerfest - Hámmerfeasta
4627;Askøy;4627;Askøy
2018;Måsøy (-2019);5434;Måsøy
4628;Vaksdal;4628;Vaksdal
2019;Nordkapp (-2019);5435;Nordkapp
4629;Modalen;4629;Modalen
2020;Porsanger - Porsángu - Porsanki (1964-2019);5436;Porsanger - Porsángu - Porsanki
4630;Osterøy;4630;Osterøy
2021;Kárásjohka - Karasjok (-2019);5437;Kárá?johka - Karasjok
4631;Alver;4631;Alver
2022;Lebesby (-2019);5438;Lebesby
4632;Austrheim;4632;Austrheim
2023;Gamvik (1914-2019);5439;Gamvik
4633;Fedje;4633;Fedje
2024;Berlevåg (1914-2019);5440;Berlevåg
4634;Masfjorden;4634;Masfjorden
2025;Deatnu - Tana (-2019);5441;Deatnu - Tana
4635;Gulen;4635;Gulen
2027;Unjárga - Nesseby (-2019);5442;Unjárga - Nesseby
4636;Solund;4636;Solund
2028;Båtsfjord (1955-2019);5443;Båtsfjord
4637;Hyllestad;4637;Hyllestad
2030;Sør-Varanger (-2019);5444;Sør-Varanger
4638;Høyanger;4638;Høyanger
5001;Trondheim;5001;Trondheim
4639;Vik;4639;Vik
4640;Sogndal;4640;Sogndal
5004;Steinkjer (2018-2019);5006;Steinkjer
4641;Aurland;4641;Aurland
4642;Lærdal;4642;Lærdal
5005;Namsos (2018-2019);5007;Namsos - Nåavmesjenjaelmie
4643;Årdal;4643;Årdal
5011;Hemne (2018-2019);5055;Heim
5012;Snillfjord (2018-2019);5059;Orkland
5013;Hitra (2018-2019);5056;Hitra
5014;Frøya;5014;Frøya
5015;Ørland (2018-2019);5057;Ørland
5016;Agdenes (2018-2019);5059;Orkland
5017;Bjugn (2018-2019);5057;Ørland
5018;Åfjord (2018-2019);5058;Åfjord
5019;Roan (2018-2019);5058;Åfjord
5020;Osen;5020;Osen
5021;Oppdal;5021;Oppdal
5022;Rennebu;5022;Rennebu
5023;Meldal (2018-2019);5059;Orkland
5024;Orkdal (2018-2019);5059;Orkland
5025;Røros;5025;Røros
5026;Holtålen;5026;Holtålen
5027;Midtre Gauldal;5027;Midtre Gauldal
5028;Melhus;5028;Melhus
5029;Skaun;5029;Skaun
5030;Klæbu (2018-2019);5001;Trondheim
5031;Malvik;5031;Malvik
5032;Selbu;5032;Selbu
5033;Tydal;5033;Tydal
5034;Meråker;5034;Meråker
5035;Stjørdal;5035;Stjørdal
5036;Frosta;5036;Frosta
5037;Levanger;5037;Levanger
5038;Verdal;5038;Verdal
5039;Verran (2018-2019);5006;Steinkjer
5040;Namdalseid (2018-2019);5007;Namsos - Nåavmesjenjaelmie
5041;Snåase - Snåsa;5041;Snåase - Snåsa
5042;Lierne;5042;Lierne
5043;Raarvihke - Røyrvik;5043;Raarvihke - Røyrvik
5044;Namsskogan;5044;Namsskogan
5045;Grong;5045;Grong
5046;Høylandet;5046;Høylandet
5047;Overhalla;5047;Overhalla
5048;Fosnes (2018-2019);5007;Namsos - Nåavmesjenjaelmie
5049;Flatanger;5049;Flatanger
1506;Molde;1506;Molde
5050;Vikna (2018-2019);5060;Nærøysund
1507;Ålesund;1507;Ålesund
5051;Nærøy (2018-2019);5060;Nærøysund
5052;Leka;5052;Leka
5053;Inderøy;5053;Inderøy
5054;Indre Fosen;5054;Indre Fosen
5061;Rindal;5061;Rindal
1577;Volda;1577;Volda
1578;Fjord;1578;Fjord
1579;Hustadvika;1579;Hustadvika
1806;Narvik;1806;Narvik
1875;Hamarøy;1875;Hábmer - Hamarøy
4644;Luster;4644;Luster
4645;Askvoll;4645;Askvoll
4646;Fjaler;4646;Fjaler
4647;Sunnfjord;4647;Sunnfjord
4648;Bremanger;4648;Bremanger
4649;Stad;4649;Stad
4650;Gloppen;4650;Gloppen
4651;Stryn;4651;Stryn
5055;Heim;5055;Heim
5412;Tjeldsund;5412;Dielddanuorri - Tjeldsund
5401;Tromsø;5401;Tromsø
5402;Harstad;5402;Harstad - Hárstták
5411;Kvæfjord;5411;Kvæfjord
5413;Ibestad;5413;Ibestad
5414;Gratangen;5414;Gratangen
5415;Loabák - Lavangen;5415;Loabák - Lavangen
5416;Bardu;5416;Bardu
5417;Salangen;5417;Salangen
5418;Målselv;5418;Målselv
5419;Sørreisa;5419;Sørreisa
5420;Dyrøy;5420;Dyrøy
5421;Senja;5421;Senja
5422;Balsfjord;5422;Balsfjord
5423;Karlsøy;5423;Karlsøy
5424;Lyngen;5424;Lyngen
5425;Storfjord - Omasvuotna - Omasvuono;5425;Storfjord - Omasvuotna - Omasvuono
5426;Gáivuotna - Kåfjord - Kaivuono;5426;Gáivuotna - Kåfjord - Kaivuono
5427;Skjervøy;5427;Skjervøy
5428;Nordreisa;5428;Nordreisa - Ráisa - Raisi
5429;Kvænangen;5429;Kvænangen
5404;Vardø;5404;Vardø
5405;Vadsø;5405;Vadsø
5406;Hammerfest;5406;Hammerfest - Hámmerfeasta
5430;Guovdageaidnu - Kautokeino;5430;Guovdageaidnu - Kautokeino
5403;Alta;5403;Alta
5432;Loppa;5432;Loppa
5433;Hasvik;5433;Hasvik
5434;Måsøy;5434;Måsøy
5435;Nordkapp;5435;Nordkapp
5436;Porsanger - Porsángu - Porsanki ;5436;Porsanger - Porsángu - Porsanki
5437;Kárásjohka - Karasjok;5437;Kárá?johka - Karasjok
5438;Lebesby;5438;Lebesby
5439;Gamvik;5439;Gamvik
5440;Berlevåg;5440;Berlevåg
5441;Deatnu - Tana;5441;Deatnu - Tana
5442;Unjárga - Nesseby;5442;Unjárga - Nesseby
5443;Båtsfjord;5443;Båtsfjord
5444;Sør-Varanger;5444;Sør-Varanger
5006;Steinkjer;5006;Steinkjer
5007;Namsos;5007;Namsos - Nåavmesjenjaelmie
5056;Hitra;5056;Hitra
5059;Orkland;5059;Orkland
5057;Ørland;5057;Ørland
5058;Åfjord;5058;Åfjord
5060;Nærøysund;5060;Nærøysund
0102;Sarpsborg (-1991);3003;Sarpsborg
0103;Fredrikstad (-1993);3004;Fredrikstad
0113;Borge (-1993);3004;Fredrikstad
0114;Varteig (-1991);3003;Sarpsborg
0115;Skjeberg (-1991);3003;Sarpsborg
0116;Berg  (-1966);3001;Halden
0117;Idd (-1966);3001;Halden
0130;Tune (-1991);3003;Sarpsborg
0131;Rolvsøy (1911-1993);3004;Fredrikstad
0133;Kråkerøy (1908-1993);3004;Fredrikstad
0134;Onsøy (-1993);3004;Fredrikstad
0401;Hamar (-1991);3403;Hamar
0414;Vang (-1991);3403;Hamar
0702;Holmestrand (-2017);3802;Holmestrand
0703;Horten (-1987);3801;Horten
0705;Tønsberg (-1987);3803;Tønsberg
0706;Sandefjord (-2016);3804;Sandefjord
0707;Larvik (-1987);3805;Larvik
0708;Stavern (1944-1987);3805;Larvik
0709;Larvik (1988-2017);3805;Larvik
0714;Hof (-2017);3802;Holmestrand
0716u;Våle (-2001);3803;Tønsberg
0717;Borre (-1987);3801;Horten
0718;Ramnes (-2001);3803;Tønsberg
0719;Andebu (-2016);3804;Sandefjord
0720;Stokke (-2016);3804;Sandefjord
0721;Sem (-1987);3803;Tønsberg
0722;Nøtterøy (-2017);3811;Færder
0723;Tjøme (-2017);3811;Færder
0725;Tjølling (-1987);3805;Larvik
0726;Brunlanes (-1987);3805;Larvik
0727;Hedrum (-1987);3805;Larvik
0728;Lardal (-2017);3805;Larvik
0903;Arendal (-1991);4203;Arendal
0918;Moland (1962-1991);4203;Arendal
0920;Øyestad (-1991);4203;Arendal
0921;Tromøy (-1991);4203;Arendal
0922;Hisøy (-1991);4203;Arendal
1154;Vindafjord (1965-2005);1160;Vindafjord
1159;Ølen (2002-2005);1160;Vindafjord
1214;Ølen (1916-2001);1160;Vindafjord
1503;Kristiansund  (-2007);1505;Kristiansund
1556;Frei (-2007);1505;Kristiansund
1567;Rindal (-2018);5061;Rindal
1569;Aure (-2005);1576;Aure
1572;Tustna (-2005);1576;Aure
1601;Trondheim (-2017);5001;Trondheim
1612;Hemne (-2017);5055;Heim
1613;Snillfjord (1924-2017);5055;Heim
1617;Hitra (-2017);5056;Hitra
1620;Frøya (1964-2017);5014;Frøya
1621;Ørland (-2017);5057;Ørland
1622;Agdenes (-2017);5059;Orkland
1624;Rissa (-2017);5054;Indre Fosen
1627;Bjugn (-2017);5057;Ørland
1630;Åfjord (-2017);5058;Åfjord
1632;Roan (-2017);5058;Åfjord
1633;Osen (-2017);5020;Osen
1634;Oppdal (-2017);5021;Oppdal
1635;Rennebu (-2017);5022;Rennebu
1636;Meldal (-2017);5059;Orkland
1638;Orkdal (-2017);5059;Orkland
1640;Røros (-2017);5025;Røros
1644;Holtålen (1972-2017);5026;Holtålen
1648;Midtre Gauldal (1964-2017);5027;Midtre Gauldal
1653;Melhus (-2017);5028;Melhus
1657;Skaun (-2017);5029;Skaun
1662;Klæbu (-2017);5001;Trondheim
1663;Malvik (-2017);5031;Malvik
1664;Selbu (-2017);5032;Selbu
1665;Tydal (-2017);5033;Tydal
1702;Steinkjer (-2017);5006;Steinkjer
1703;Namsos (-2017);5007;Namsos - Nåavmesjenjaelmie
1711;Meråker (-2017);5034;Meråker
1714;Stjørdal (-2017);5035;Stjørdal
1717;Frosta (-2017);5036;Frosta
1718;Leksvik (-2017);5054;Indre Fosen
1719;Levanger (1962-2017);5037;Levanger
1721;Verdal (-2017);5038;Verdal
1723;Mosvik  (-2011);5053;Inderøy
1724;Verran (-2017);5006;Steinkjer
1725;Namdalseid (-2017);5007;Namsos - Nåavmesjenjaelmie
1729;Inderøy (-2011);5053;Inderøy
1736;Snåase - Snåsa (-2017);5041;Snåase - Snåsa
1738;Lierne (1964-2017);5042;Lierne
1739;Raarvihke - Røyrvik (1923-2017);5043;Raarvihke - Røyrvik
1740;Namsskogan (1923-2017);5044;Namsskogan
1742;Grong (-2017);5045;Grong
1743;Høylandet (-2017);5046;Høylandet
1744;Overhalla (-2017);5047;Overhalla
1748;Fosnes (-2017);5007;Namsos - Nåavmesjenjaelmie
1749;Flatanger (-2017);5049;Flatanger
1750;Vikna (-2017);5060;Nærøysund
1751;Nærøy (-2017);5060;Nærøysund
1755;Leka (-2017);5052;Leka
1756;Inderøy (2012-2017);5053;Inderøy
1842;Skjerstad (-2004);1804;Bodø
1901;Harstad (-2012);5402;Harstad - Hárstták
1915;Bjarkøy (-2012);5402;Harstad - Hárstták
2001;Hammerfest (-1991);5406;Hammerfest - Hámmerfeasta
2016;Sørøysund (-1991);5406;Hammerfest - Hámmerfeasta
2111;Longyearbyen;2100;Svalbard
2112;Ny-Ålesund;2100;Svalbard
2115;Svea;2100;Svalbard
2121;Bjørnøya;2100;Svalbard
2131;Hopen;2100;Svalbard
2199;Uoppgitt kommune Svalbard;2100;Svalbard
